{"chunk_definitions":[{"row":15,"row_count":1,"visible":true,"expansion_state":0,"options":{"engine":"r","label":"unnamed-chunk-9","dev":"png"},"document_id":"3BD238E3","chunk_id":"cvo2scm3oqv4g","chunk_label":"unnamed-chunk-1"},{"row":24,"row_count":1,"visible":true,"expansion_state":0,"options":{"engine":"r","label":"unnamed-chunk-3","dev":"png"},"document_id":"3BD238E3","chunk_id":"calqm8oj5p0dk","chunk_label":"unnamed-chunk-2"},{"row":35,"row_count":1,"visible":true,"expansion_state":0,"options":{"engine":"r","label":"unnamed-chunk-3","dev":"png"},"document_id":"3BD238E3","chunk_id":"c1c7chwl67x9y","chunk_label":"unnamed-chunk-3"},{"row":51,"row_count":1,"visible":true,"expansion_state":0,"options":{"engine":"r","label":"unnamed-chunk-48","dev":"png"},"document_id":"3BD238E3","chunk_id":"cc4v8st0r6ekm","chunk_label":"unnamed-chunk-4"},{"row":80,"row_count":1,"visible":true,"expansion_state":0,"options":{"engine":"r","label":"unnamed-chunk-11","dev":"png"},"document_id":"3BD238E3","chunk_id":"cg3ojpi7j6xj3","chunk_label":"unnamed-chunk-5"},{"row":92,"row_count":1,"visible":true,"expansion_state":0,"options":{"engine":"r","label":"unnamed-chunk-19","dev":"png"},"document_id":"3BD238E3","chunk_id":"ci10ayf5im60d","chunk_label":"unnamed-chunk-6"},{"row":101,"row_count":1,"visible":true,"expansion_state":0,"options":{"engine":"r","label":"unnamed-chunk-22","dev":"png"},"document_id":"3BD238E3","chunk_id":"cc3f60j20ufba","chunk_label":"unnamed-chunk-7"},{"row":134,"row_count":1,"visible":true,"expansion_state":0,"options":{"engine":"r","label":"unnamed-chunk-11","dev":"png"},"document_id":"3BD238E3","chunk_id":"c6qkpvx6egxmh","chunk_label":"unnamed-chunk-8"},{"row":158,"row_count":1,"visible":true,"expansion_state":0,"options":{"engine":"r","label":"unnamed-chunk-4","dev":"png"},"document_id":"3BD238E3","chunk_id":"cxw7o39e0mj5l","chunk_label":"unnamed-chunk-9"},{"row":185,"row_count":1,"visible":true,"expansion_state":0,"options":{"engine":"r","label":"unnamed-chunk-7","dev":"png"},"document_id":"3BD238E3","chunk_id":"c6o8sw5jnpvii","chunk_label":"unnamed-chunk-10"},{"row":225,"row_count":1,"visible":true,"expansion_state":0,"options":{"engine":"r","label":"unnamed-chunk-10","dev":"png"},"document_id":"3BD238E3","chunk_id":"cxh3h1ya9zsh9","chunk_label":"unnamed-chunk-11"},{"row":239,"row_count":1,"visible":true,"expansion_state":0,"options":{"engine":"r","label":"unnamed-chunk-12","dev":"png"},"document_id":"3BD238E3","chunk_id":"cdlt0o7vib146","chunk_label":"unnamed-chunk-12"}],"doc_write_time":1715182914}