"0","# Load the necessary libraries if not already loaded"
"0","library(tidyverse)"
"0",""
"0","# Create the initial data frame"
"0","data <- data_frame("
"0","  Contact_Crimes_against_an_individual = c(""Murder"", ""Sexual Offences"", ""Attempted murder"", ""Assault with the intent to inflict grievous bodily harm"", ""Robbery with aggravating circumstances"", NA),"
"0","  Low_Contact_Crimes = c(""Common assault"", ""Common robbery"", ""Arson"", NA, NA, NA),"
"0","  Property_related_Crimes = c(""Malicious damage to property"", ""Burglary at non-residential premises"", ""Burglary at residential premises"", ""Theft of motor vehicle and motorcycle"", ""Theft out of or from motor vehicle"", ""Stock-theft""),"
"0","  Aggravated_Robbery = c(""Carjacking"", ""Robbery at non-residential premises"", ""Robbery at residential premises"", ""Robbery of cash in transit"", ""Bank robbery"", ""Truck hijacking""),"
"0","  Crimes_detected_due_to_Police_Action = c(""Illegal possession of firearms and ammunition"", ""Drug-related crime"", ""Driving under the influence of alcohol or drugs"", ""Sexual offences as a result of police action"", NA, NA),"
"0","  Misdemeanor = c(""All theft not mentioned elsewhere"", ""Commercial crime"", ""Shoplifting"", NA, NA, NA)"
"0",")"
"0",""
"0","# Stack the columns into a tidy format and remove NA values"
"0","data_long <- data %>%"
"0","  pivot_longer(everything(), names_to = ""Crime_Category"", values_to = ""Crime_Type"") %>%"
"0","  na.omit()"
"0",""
"0","# Create a new column indicating whether a weight should be assigned"
"0","data_long <- data_long %>%"
"0","  mutate(Weight_Assign = case_when("
"0","    Crime_Type %in% c(""Murder"", ""Sexual Offences"", ""Robbery with aggravating circumstances"") ~ ""Yes"","
"0","    TRUE ~ ""No"""
"0","  ))"
"0",""
"0","# Print the resulting data frame"
"0","print(data_long)"
