"0","library(tidyverse)"
"0","library(lubridate)"
"0","library(psych)"
"2","
Attaching package: ‘psych’

"
"2","The following objects are masked from ‘package:ggplot2’:

    %+%, alpha

"
"0","crime_data_danelle <- crime_data_long |> "
"0","  filter(Year == 2011) |> "
"0","  filter(Province == ""Gauteng"")  "
"0",""
"0",""
"0","crime_cat_by_prov <- crime_data_long |> "
"0","  group_by(Province, Category) "
"0",""
"0","crime_cat_by_prov <- crime_data_long |> "
"0","  group_by(Province, Category) "
"0","print(colnames(crime_cat_by_prov))"
"1","[1]"
"1"," ""Province"""
"1"," ""Station"" "
"1"," ""Category"""
"1"," ""Year""    "
"1"," ""Count""   "
"1","
"
"0","crime_rate_bp <- crime_cat_by_prov |> "
"0","  ggplot(aes(x = reorder(Province, Count, FUN = median), y = Count, fill = Category)) +"
"0","  geom_boxplot() +"
"0","  facet_wrap(~ Province, scales = ""free"") +  "
"0","  coord_flip() +"
"0","  labs(x = ""Category"", y = ""Count"") +"
"0","  theme_minimal()"
"0",""
"0","crime_rate_bp"
