"0","library(dplyr)"
"0",""
"0","crime_totals_per_province <- crime_data_long |>"
"0","  group_by(Province, Category) |>"
"0","  summarise(total = sum(Count))"
"2","`summarise()` has grouped output by 'Province'. You can override using the `.groups` argument."
"0","province_totals <- crime_totals_per_province |>"
"0","  group_by(Province) |>"
"0","  summarise(total_province = sum(total))"
"0",""
"0",""
"0","crime_proportions <- crime_totals_per_province |>"
"0","  left_join(province_totals, by = ""Province"") |>"
"0","  mutate(proportion = total / total_province) |>"
"0","  arrange(Province, desc(proportion))"
"0","crime_proportions"
