{"chunk_definitions":[{"row":15,"row_count":1,"visible":true,"expansion_state":0,"options":{"engine":"r","label":"unnamed-chunk-9","dev":"png"},"document_id":"3BD238E3","chunk_id":"cvo2scm3oqv4g","chunk_label":"unnamed-chunk-1"},{"row":24,"row_count":1,"visible":true,"expansion_state":0,"options":{"engine":"r","label":"unnamed-chunk-3","dev":"png"},"document_id":"3BD238E3","chunk_id":"calqm8oj5p0dk","chunk_label":"unnamed-chunk-2"},{"row":35,"row_count":1,"visible":true,"expansion_state":0,"options":{"engine":"r","label":"unnamed-chunk-4","dev":"png"},"document_id":"3BD238E3","chunk_id":"c1c7chwl67x9y","chunk_label":"unnamed-chunk-3"},{"row":52,"row_count":1,"visible":true,"expansion_state":0,"options":{"engine":"r","label":"unnamed-chunk-5","dev":"png"},"document_id":"3BD238E3","chunk_id":"cc4v8st0r6ekm","chunk_label":"unnamed-chunk-4"},{"row":85,"row_count":1,"visible":true,"expansion_state":0,"options":{"engine":"r","label":"unnamed-chunk-14","dev":"png"},"document_id":"3BD238E3","chunk_id":"cg3ojpi7j6xj3","chunk_label":"unnamed-chunk-5"},{"row":99,"row_count":1,"visible":true,"expansion_state":0,"options":{"engine":"r","label":"unnamed-chunk-19","dev":"png"},"document_id":"3BD238E3","chunk_id":"ci10ayf5im60d","chunk_label":"unnamed-chunk-6"},{"row":108,"row_count":1,"visible":true,"expansion_state":0,"options":{"engine":"r","label":"unnamed-chunk-22","dev":"png"},"document_id":"3BD238E3","chunk_id":"cc3f60j20ufba","chunk_label":"unnamed-chunk-7"},{"row":141,"row_count":1,"visible":true,"expansion_state":0,"options":{"engine":"r","label":"unnamed-chunk-11","dev":"png"},"document_id":"3BD238E3","chunk_id":"c6qkpvx6egxmh","chunk_label":"unnamed-chunk-8"},{"row":165,"row_count":1,"visible":true,"expansion_state":0,"options":{"engine":"r","label":"unnamed-chunk-22","dev":"png"},"document_id":"3BD238E3","chunk_id":"cxw7o39e0mj5l","chunk_label":"unnamed-chunk-9"},{"row":192,"row_count":1,"visible":true,"expansion_state":0,"options":{"engine":"r","label":"unnamed-chunk-7","dev":"png"},"document_id":"3BD238E3","chunk_id":"c6o8sw5jnpvii","chunk_label":"unnamed-chunk-10"},{"row":232,"row_count":1,"visible":true,"expansion_state":0,"options":{"engine":"r","label":"unnamed-chunk-10","dev":"png"},"document_id":"3BD238E3","chunk_id":"cxh3h1ya9zsh9","chunk_label":"unnamed-chunk-11"},{"row":246,"row_count":1,"visible":true,"expansion_state":0,"options":{"engine":"r","label":"unnamed-chunk-12","dev":"png"},"document_id":"3BD238E3","chunk_id":"cdlt0o7vib146","chunk_label":"unnamed-chunk-12"},{"row":262,"row_count":1,"visible":true,"expansion_state":0,"options":{"engine":"r","label":"unnamed-chunk-21","dev":"png"},"document_id":"3BD238E3","chunk_id":"cj7uqekbxxljg","chunk_label":"unnamed-chunk-13"},{"row":314,"row_count":1,"visible":true,"expansion_state":0,"options":{"engine":"r","label":"unnamed-chunk-80","dev":"png"},"document_id":"3BD238E3","chunk_id":"chkdmm0iwgzf4","chunk_label":"unnamed-chunk-15"},{"row":320,"row_count":1,"visible":true,"expansion_state":0,"options":{"engine":"r","label":"unnamed-chunk-67","dev":"png"},"document_id":"3BD238E3","chunk_id":"c8kurscse8tjj","chunk_label":"unnamed-chunk-16"}],"doc_write_time":1715245595}