"0","province_crime<- crime_data_long |>"
"0","  group_by(Province) |>"
"0","  summarise(total=sum(Count))|>"
"0","  arrange(desc(total)) "
"0",""
"0","ggplot(data = province_crime, aes(x = reorder(Province, total) , y = total)) +"
"0","  geom_bar(stat = ""identity"", fill = ""skyblue4"") +"
"0","  scale_y_continuous(labels = scales::comma) +"
"0","  labs("
"0","    x = ""Province"","
"0","    y = ""Total Crimes"","
"0","    title = ""Total Crimes per Province"")+"
"0","   theme(panel.grid.major = element_blank(),"
"0","    panel.grid.minor = element_blank(),"
"0","    plot.background = element_blank(),"
"0","    panel.background = element_blank(),"
"0","    )"
