"0","crime_totals_per_station <- crime_data_long |>"
"0","  filter(Province==""Gauteng"")|>"
"0","  group_by(Station) |>"
"0","  summarise(total = sum(Count))"
"0",""
"0","station_totals <- crime_totals_per_station |>"
"0","  group_by(Station) |>"
"0","  summarise(total_station = sum(total))"
"0",""
"0","crime_proportions <- crime_totals_per_station |>"
"0","  left_join(station_totals, by = ""Station"") |>"
"0","  mutate(proportion = total / total_station) |>"
"0","  arrange(Station, desc(proportion))"
"0",""
"0","top_categories_per_station <- crime_proportions |>"
"0","  group_by(Station) |>"
"0","  top_n(15, proportion) |>"
"0","  arrange(Station, desc(proportion))"
"0",""
"0","top_categories_per_station"
