"0","data <- data_frame ("
"0","  Contact_Crimes_against_an_individual = c(""Murder"", ""Sexual Offences"", ""Attempted murder"", ""Assault with the intent to inflict grievous bodily harm"", ""Robbery with aggravating circumstances"", NA),"
"0","  Low_Contact_Crimes = c(""Common assault"", ""Common robbery"", ""Arson"", NA, NA, NA),"
"0","  Property_related_Crimes = c(""Malicious damage to property"", ""Burglary at non-residential premises"", ""Burglary at residential premises"", ""Theft of motor vehicle and motorcycle"", ""Theft out of or from motor vehicle"", ""Stock-theft""),"
"0","  Aggravated_Robbery = c(""Carjacking"", ""Robbery at non-residential premises"", ""Robbery at residential premises"", ""Robbery of cash in transit"", ""Bank robbery"", ""Truck hijacking""),"
"0","  Crimes_detected_due_to_Police_Action = c(""Illegal possession of firearms and ammunition"", ""Drug-related crime"", ""Driving under the influence of alcohol or drugs"", ""Sexual offences as a result of police action"", NA, NA),"
"0","  Misdemeanor = c(""All theft not mentioned elsewhere"", ""Commercial crime"", ""Shoplifting"", NA, NA, NA)"
"0",")"
"0",""
"0",""
"0","data_long <- pivot_longer(data, "
"0","                           cols = everything(), "
"0","                           names_to = ""crime_category"", "
"0","                           values_to = ""Crime_Type"") |>"
"0","                          na.omit()"
"0",""
"0","data_long <- data_long |>"
"0","  mutate("
"0","  crime_weight = case_when("
"0","    crime_category == ""Contact_Crimes_against_an_individual"" ~ 1.9 ,"
"0","    crime_category == ""Low_Contact_Crimes"" ~ 1.8 , "
"0","    crime_category == ""Property_related_Crimes"" ~ 1.7 , "
"0","    crime_category == ""Aggravated_Robbery"" ~ 1.6 , "
"0","    crime_category == ""Crimes_detected_due_to_Police_Action"" ~ 1.5 , "
"0","    crime_category == ""Misdemeanor"" ~ 1.4 ) )"
"0",""
"0","print(data_long)"
