"0",""
"0","# Calculate mean weight across categories"
"0","mean_weight <- mean(crime_data$Weight)"
"0",""
"0","# Create vertical bar plot"
"0","ggplot(crime_data, aes(x = Category, y = Weight)) +"
"0","  geom_bar(stat = ""identity"", fill = ""skyblue"", width = 0.5) +"
"0","  geom_hline(yintercept = mean_weight, color = ""red"", linetype = ""dashed"", size = 1) + # Add horizontal line at mean weight"
"0","  labs(x = ""Category of Crime"", y = ""Weight"", title = ""Weights of Crime Categories"") +"
"0","  theme(axis.text.x = element_text(angle = 90, vjust = 0.5, hjust=1)) # Rotate x-axis labels for better readability"
