"0","# Sample data"
"0","crime_categories <- c(""Violent Crimes"", ""Property Crimes"", ""White-Collar Crimes"", ""Drug-Related Crimes"", ""Cyber Crimes"", ""Traffic Violations"")"
"0","weights <- c(9, 7, 6, 5, 8, 3)"
"0","crime_data <- data.frame(Category = crime_categories, Weight = weights)"
"0",""
"0","# Load ggplot2 library"
"0","library(ggplot2)"
"0",""
"0","# Create vertical bar plot"
"0","ggplot(crime_data, aes(x = Category, y = Weight)) +"
"0","  geom_bar(stat = ""identity"", fill = ""skyblue"", width = 0.5) +"
"0","  labs(x = ""Category of Crime"", y = ""Weight"", title = ""Weights of Crime Categories"") +"
"0","  theme(axis.text.x = element_text(angle = 90, vjust = 0.5, hjust=1)) # Rotate x-axis labels for better readability"
