"0",""
"0",""
"0","# Add a numerical index to the data"
"0","crime_data$Index <- seq_along(crime_data$Category)"
"0",""
"0","# Create vertical bar plot with smoothed trend line"
"0","ggplot(crime_data, aes(x = Index, y = Weight)) +"
"0","  geom_bar(stat = ""identity"", fill = ""skyblue"", width = 0.5) +"
"0","  geom_smooth(method = ""loess"", se = FALSE, color = ""red"") +  # Add a smoothed trend line"
"0","  scale_x_continuous(breaks = crime_data$Index, labels = crime_data$Category) +  # Use category names as x-axis labels"
"0","  labs(x = ""Category of Crime"", y = ""Weight"", title = ""Weights of Crime Categories"") +"
"0","  theme(axis.text.x = element_text(angle = 90, vjust = 0.5, hjust=1))  # Rotate x-axis labels for better readability"
